trajectory_display,workshop_rmse_m,workshop_comp_ms,alpha_high_rmse_m,alpha_high_comp_time_ms,alpha_high_delta_pct,alpha_high_dense_rmse_m,alpha_high_dense_comp_time_ms,alpha_high_dense_delta_pct
Circle Horizontal,0.260071,0.638979,0.272537,0.66081,4.793548,0.269703,0.908429,3.703671
Circle Vertical,0.178182,0.665787,0.170021,0.657706,-4.580197,0.170521,0.819721,-4.29956
Fig8 Horizontal,0.234617,0.692012,0.240842,0.634819,2.653193,0.228189,0.868181,-2.739833
Fig8 Vertical,0.232275,0.685904,0.247377,0.640113,6.501795,0.247905,0.873422,6.728967
Hover,0.495054,0.661452,0.481909,0.676891,-2.655191,0.50102,0.845416,1.205138
Yaw Only,0.048304,0.683106,0.056552,0.666512,17.073149,0.051548,0.894817,6.714571
